{
  "train_loss": [
    20080.506103515625,
    6768.556469726563,
    2081.4189575195314,
    925.4420623779297,
    340.6609848022461,
    99.76349143981933,
    23.37620816230774,
    4.805288898944855,
    1.70513157248497,
    0.824747958779335,
    0.8125022888183594,
    0.7942967295646668,
    0.8720710396766662,
    0.45338485240936277,
    0.5768684178590775,
    0.5269653707742691,
    0.6350221365690232,
    0.6780576467514038,
    0.47614123225212096,
    0.5811701565980911,
    0.6898181103169918,
    0.5538539350032806,
    0.602053987979889,
    0.621337378025055,
    0.5830781877040863,
    0.5145283699035644,
    0.4824505984783173,
    0.5915718853473664,
    0.6438642859458923,
    0.5718388080596923
  ],
  "train_reward": [
    0.7057429641485214,
    0.713564321398735,
    0.6860291481018066,
    0.7734140515327453,
    0.6734033674001694,
    0.6420199036598205,
    0.6830774545669556,
    0.6924750566482544,
    0.762441074848175,
    0.6615344941616058,
    0.8044873356819153,
    0.8624638557434082,
    0.6642099738121032,
    0.6908028841018676,
    0.6394831985235214,
    0.7182313919067382,
    0.698484206199646,
    0.6968813836574554,
    0.7662079334259033,
    0.7629487156867981,
    0.8373934298753738,
    0.7964649707078933,
    0.7628604665398597,
    0.8409483879804611,
    0.7734251350164414,
    0.8126051604747773,
    0.7523128807544708,
    0.7973649471998214,
    0.7671351134777069,
    0.7676828980445862
  ],
  "train_load_factor": [
    0.35414786636829376,
    0.35457943379879,
    0.3640873789787292,
    0.34342690706253054,
    0.36127896308898927,
    0.3616031467914581,
    0.3516286969184875,
    0.34809728264808654,
    0.3495681494474411,
    0.3527818500995636,
    0.3485435277223587,
    0.34698458611965177,
    0.35958474278450014,
    0.3570182114839554,
    0.35518622398376465,
    0.36412389278411866,
    0.3664297670125961,
    0.3499982953071594,
    0.3548372447490692,
    0.3481737017631531,
    0.35528319180011747,
    0.35676453113555906,
    0.361579442024231,
    0.3563345670700073,
    0.359321665763855,
    0.3608469605445862,
    0.3621248185634613,
    0.3590772032737732,
    0.3501467227935791,
    0.35373816788196566
  ],
  "train_approx_ratio": [
    50.987554931640624,
    52.08514823913574,
    53.03062629699707,
    55.054270553588864,
    50.9695541381836,
    53.03354721069336,
    52.44618644714355,
    55.8321891784668,
    53.346533966064456,
    54.49412231445312,
    53.2082275390625,
    50.88781204223633,
    53.29653701782227,
    52.36231880187988,
    53.36864166259765,
    50.2608455657959,
    50.07798461914062,
    53.51453475952148,
    53.80166397094727,
    53.27722587585449,
    49.452832794189455,
    51.52358741760254,
    50.14379806518555,
    54.396832656860354,
    54.28205680847168,
    51.147254180908206,
    50.47672576904297,
    50.09407501220703,
    53.11898956298828,
    47.88503646850586
  ],
  "val_load_factor": [
    0.46225327253341675,
    0.46950796246528625,
    0.4766242206096649
  ],
  "val_reward": [
    0.09518096596002579,
    0.380254864692688,
    0.26242122054100037
  ],
  "val_approx_ratio": [
    50.21737289428711,
    42.24238586425781,
    41.31695556640625
  ],
  "learning_rate": [
    0.0005,
    0.0005,
    0.0005,
    0.0005,
    0.0005,
    0.0005,
    0.0005,
    0.0005,
    0.0005,
    0.0004166666666666667,
    0.0004166666666666667,
    0.0004166666666666667,
    0.0004166666666666667,
    0.0004166666666666667,
    0.0004166666666666667,
    0.0004166666666666667,
    0.0004166666666666667,
    0.0004166666666666667,
    0.0004166666666666667,
    0.00034722222222222224,
    0.00034722222222222224,
    0.00034722222222222224,
    0.00034722222222222224,
    0.00034722222222222224,
    0.00034722222222222224,
    0.00034722222222222224,
    0.00034722222222222224,
    0.00034722222222222224,
    0.00034722222222222224,
    0.0002893518518518519
  ],
  "epoch_times": [
    60.27104210853577,
    58.689631938934326,
    58.155449867248535,
    59.49492907524109,
    59.891014099121094,
    58.036596059799194,
    59.869627714157104,
    58.3455228805542,
    58.567320108413696,
    60.48751401901245,
    60.56923985481262,
    58.02268385887146,
    57.94807481765747,
    58.206454038619995,
    57.41038727760315,
    57.678109884262085,
    58.31961488723755,
    57.23945498466492,
    56.21204113960266,
    58.211283922195435,
    57.219807863235474,
    57.70074701309204,
    57.13940715789795,
    59.237589597702026,
    57.33310008049011,
    56.439640045166016,
    58.49430704116821,
    57.88711190223694,
    56.79941987991333,
    59.0129029750824
  ]
}